"n","mu_true","method","media_mu","vi√©s_mu"
30,1,"MM",0.969433249924611,-0.00109516974461232
30,1,"MM",1.14771864722519,-0.00220841535385663
30,1,"MM",0.976698651421785,0.0027200646684481
30,1,"MM",1.09160138333581,0.00366244616822775
30,1,"MM",0.998876055195446,-0.00338586749744152
30,1,"MM",0.982882756619326,-0.00357554372488733
30,1,"MM",0.975860696740114,-0.000219155080398048
30,1,"MM",0.95461042210087,0.00128692876587588
30,1,"MM",0.923811753936635,-0.000556102953141902
30,1,"MM",0.947510648507556,-0.00179822735305457
30,1,"MM",0.888236178806801,0.00118933918759623
30,1,"MM",1.06995086556357,-0.000787628105599403
30,1,"MM",1.09913334556927,-0.00180325611189081
30,1,"MM",0.998972005607425,0.00356884242711519
30,1,"MM",1.20323996523313,-0.000905626887592215
30,1,"MM",0.987998136385884,-8.86398716618553e-05
30,1,"MM",1.01977430834984,-0.00328969247341537
30,1,"MM",0.960917008895788,-0.00186590568650402
30,1,"MM",1.00758233881588,0.00328674023415942
30,1,"MM",0.937920301415471,0.00206862775768235
30,1,"MM",1.03974720700391,0.000493689847095524
30,1,"MM",0.949403236065537,0.00120996178473343
30,1,"MM",0.932476745201923,-0.000511535629296511
30,1,"MM",1.07814027499352,0.000703114106871627
30,1,"MM",0.952888853740579,0.00339874895780201
30,1,"MM",1.12016439552759,0.00262541561884277
30,1,"MM",0.941730293674557,0.000755133316624579
30,1,"MM",1.1990997618498,0.00610752509487678
30,1,"MM",0.826028201087323,-0.00055382462284681
30,1,"MM",0.917851762927624,-0.000574305383195917
30,1,"MM",1.04057882630445,-0.00244994689269218
30,1,"MM",1.05902494023753,-4.05430979584231e-05
30,1,"MM",0.963243836886448,0.00254347717169212
30,1,"MM",0.996362489032126,0.00128763703698997
30,1,"MM",0.939071887075447,-0.00156527363020142
30,1,"MM",1.04381168511863,0.00162328379964038
30,1,"MM",0.816692370216153,0.00289458238817031
30,1,"MM",1.06284133314148,0.00312097581576287
30,1,"MM",1.13605104236826,-0.00359318491460758
30,1,"MM",0.888454079469679,-0.00418624236843701
30,1,"MM",1.08781827089573,0.00101111553790068
30,1,"MM",0.919227967413601,-0.000172492892142606
30,1,"MM",1.04404486246875,-0.000269905831296713
30,1,"MM",1.07000213293019,0.000477148263019034
30,1,"MM",0.998639792170225,0.000345995453838843
30,1,"MM",0.94661775968947,-4.02092305785695e-05
30,1,"MM",1.06044563410712,0.00159291068773348
30,1,"MM",1.07896771623446,8.17787537297221e-05
30,1,"MM",1.08069544245074,-0.000186479162677333
30,1,"MM",0.928167160428358,0.00124618523568676
30,1,"MM",1.06372567957228,0.00102363249708226
30,1,"MM",0.984228904418029,0.00167678552591255
30,1,"MM",0.936289879090134,-0.000361131344165266
30,1,"MM",0.961365795654777,0.00131705612330213
30,1,"MM",1.01194860220316,-0.00343745466408563
30,1,"MM",0.960462918384357,-0.00100669635899053
30,1,"MM",1.01617291118255,-6.18585410105954e-05
30,1,"MM",0.968951724816105,0.000556208424390747
30,1,"MM",1.06298412983799,0.00424057388571963
30,1,"MM",1.01008146343725,0.0020032688506586
30,1,"MM",0.899578248090534,-0.00620252440657154
30,1,"MM",1.07780137845768,0.00189472395525869
30,1,"MM",1.02614986609065,0.00339449701590944
30,1,"MM",1.04321881365662,-0.00190774173945218
30,1,"MM",0.962875075483436,0.00444014796932546
30,1,"MM",0.957967364713448,0.000361754059416186
30,1,"MM",0.921760136290142,-0.00255930471690258
30,1,"MM",0.931406732858356,0.00277363354258542
30,1,"MM",0.984883262434218,-0.00221888592608965
30,1,"MM",0.996722723509417,-0.00198206946287227
30,1,"MM",1.10523239309809,0.00360617950284414
30,1,"MM",0.969845233599392,-0.000167634220848978
30,1,"MM",1.0198309869692,-0.000774315384593827
30,1,"MM",0.935752977383006,-0.00380093088591349
30,1,"MM",1.04166347642002,4.67406729762754e-05
30,1,"MM",1.00185331851965,-0.00250711850216279
30,1,"MM",1.01882545557645,-0.00215401562204209
30,1,"MM",1.13471080716098,0.00195739407311546
30,1,"MM",1.07284526769307,0.00230420458122271
30,1,"MM",1.14403860016327,-0.00151740061400818
30,1,"MM",0.933072143867111,-0.002362124310758
30,1,"MM",0.99064564512058,0.000395003148039086
30,1,"MM",0.927802426874384,0.00103925484008482
30,1,"MM",0.94732841716437,0.00113839852656561
30,1,"MM",0.942223439149412,0.00165794848851142
30,1,"MM",1.02762734073465,0.0027749466736362
30,1,"MM",1.04131231600088,-0.00469006371160074
30,1,"MM",1.00014897589786,-0.00444126283838986
30,1,"MM",1.02623949705492,-0.000164938961534578
30,1,"MM",0.958307787459728,-0.00189499548320404
30,1,"MM",1.00293336514621,0.00457064825338593
30,1,"MM",1.04732891303625,-0.00198558153373551
30,1,"MM",1.00679773176694,0.000132799259282557
30,1,"MM",1.04634720791588,-0.00104587880296858
30,1,"MM",0.917300139588613,-0.00277871966855281
30,1,"MM",1.05438978113841,0.00355692601738178
30,1,"MM",0.872713515781539,-0.000552788369180268
30,1,"MM",0.953848822526754,-0.00229504291996596
30,1,"MM",0.945817857164142,-0.000794018289546505
30,1,"MM",1.03846187520972,0.000101030314320738
30,1,"MLE",0.897088389712416,-0.013987261401282
30,1,"MLE",0.962197346155923,-0.0203860960636929
30,1,"MLE",0.96346280637569,-0.0113247611364331
30,1,"MLE",0.912950685097642,0.00366324284616593
30,1,"MLE",1.01089677114393,0.010673370751962
30,1,"MLE",0.950896825385362,-0.0107190452452501
30,1,"MLE",0.96303748076525,-0.0353297661504556
30,1,"MLE",1.03000696480439,-0.0198084076358218
30,1,"MLE",1.10346788781127,-0.0114405743004742
30,1,"MLE",0.850285897252909,0.00969077151593511
30,1,"MLE",0.969741519940707,0.0399832879482296
30,1,"MLE",1.02377174104461,-0.0184687616162396
30,1,"MLE",0.904466415655694,0.00692173652105976
30,1,"MLE",0.974594046033352,-0.021769963252439
30,1,"MLE",1.13988163043146,-0.0270541659845702
30,1,"MLE",0.910282494836319,0.00973404572486725
30,1,"MLE",1.00572438993321,-0.00624997403632488
30,1,"MLE",1.11787599571466,-0.0170185232672075
30,1,"MLE",0.980502463964508,-0.0275212334536685
30,1,"MLE",1.0344954264611,-0.0142094487536537
30,1,"MLE",1.11222077529005,0.0396528121874726
30,1,"MLE",1.03438946808719,-0.0138904261195965
30,1,"MLE",1.03758236356026,0.0297993660369575
30,1,"MLE",1.09416494411299,-0.0279288705155594
30,1,"MLE",0.975847512449534,-0.0099528407241668
30,1,"MLE",1.01019614580158,-0.0355043815915117
30,1,"MLE",1.02102464858447,-0.0386840896591847
30,1,"MLE",1.05083093788372,-0.036683242363992
30,1,"MLE",0.906684531340489,-0.0114030739748947
30,1,"MLE",0.988823900145928,-0.0373409917485826
30,1,"MLE",1.09379890286287,0.0139626501033061
30,1,"MLE",0.870429356674745,0.00447599885048611
30,1,"MLE",0.9234041071766,-0.0185640047819264
30,1,"MLE",0.936267824423249,-0.00930315294095796
30,1,"MLE",0.940027616543771,0.0311923082557264
30,1,"MLE",0.931950049498242,-0.00320130659168016
30,1,"MLE",0.997296713072205,-0.0143779088170837
30,1,"MLE",0.98096082491457,0.00304380996643849
30,1,"MLE",0.984250300706516,-0.0305448661760682
30,1,"MLE",1.03983841814377,-0.0190682511375619
30,1,"MLE",1.05862010464274,-0.00659636836790023
30,1,"MLE",1.13449067125379,-0.0449815941534371
30,1,"MLE",0.977154575965368,-0.042801379110139
30,1,"MLE",0.956360900250285,0.0086783617040681
30,1,"MLE",1.02228581001003,-0.00735795129275174
30,1,"MLE",0.949467165208846,-0.0132486299157401
30,1,"MLE",0.924228451660195,0.00685515575577689
30,1,"MLE",1.02744320613034,0.0314040634161563
30,1,"MLE",0.988668281477533,0.000992526307409869
30,1,"MLE",1.03915548546502,-0.0187545231175446
30,1,"MLE",1.0548284460479,-0.0143730963964737
30,1,"MLE",0.990982097414061,-0.00656197360006361
30,1,"MLE",0.94663473796251,0.00619450646964725
30,1,"MLE",0.858949131291349,-0.0122681763307797
30,1,"MLE",0.793156979548361,0.0192222617501163
30,1,"MLE",0.945867528165659,-0.0274282024748039
30,1,"MLE",0.747927164095468,-0.0159043074942691
30,1,"MLE",0.983192488526685,-0.0374617340529378
30,1,"MLE",0.999231554671988,0.0263367859930259
30,1,"MLE",1.11036923714742,-0.0251970681542759
30,1,"MLE",1.00505793160002,-0.0176122845005959
30,1,"MLE",1.06164633012783,-0.0316124614161493
30,1,"MLE",1.06265944992946,0.0164414538507853
30,1,"MLE",0.859106761260828,0.00541744816361556
30,1,"MLE",1.04015556056032,0.00586297185174378
30,1,"MLE",1.00284022732767,-0.00256835429602731
30,1,"MLE",1.08020717754312,-0.0153496885707891
30,1,"MLE",1.11067151100123,0.0132370862141717
30,1,"MLE",0.992410643837726,0.00181713646604642
30,1,"MLE",1.14925030749345,0.00517818997167274
30,1,"MLE",0.986315613479358,-0.00522281418853732
30,1,"MLE",0.981088460028654,-0.0131330596470997
30,1,"MLE",1.00046900655674,-0.0273388665343544
30,1,"MLE",1.0837343302602,-0.0132886341373113
30,1,"MLE",1.18833724036336,-0.00980179928289426
30,1,"MLE",0.872957784648032,0.0134435628556516
30,1,"MLE",1.03691731827628,-0.00688577380838784
30,1,"MLE",1.03709546456699,-0.0383442457359471
30,1,"MLE",0.989098658182207,-0.00893449861831819
30,1,"MLE",0.988803825578024,-0.0083113490751261
30,1,"MLE",1.12664400657155,-0.0253697690469117
30,1,"MLE",0.913578150726655,-0.029297389917151
30,1,"MLE",0.947801890094655,0.013449848029235
30,1,"MLE",1.00282100005409,-0.0180451377195496
30,1,"MLE",1.01471071130321,-0.0170797099708351
30,1,"MLE",0.994735180198698,0.00634027106884616
30,1,"MLE",1.04279768142517,-0.028244957078654
30,1,"MLE",1.21494763085368,-0.0333821298428751
30,1,"MLE",1.04181262200293,-0.0109221560168307
30,1,"MLE",0.98527589651684,0.00603120747275032
30,1,"MLE",1.04034107082464,0.00121488109070178
30,1,"MLE",0.916402557164277,0.0168492550349577
30,1,"MLE",1.05308124429833,0.00939542418496853
30,1,"MLE",0.940001243995891,0.0110919027880859
30,1,"MLE",1.16172698103801,-0.0152123822348607
30,1,"MLE",1.15561430311255,0.0350278962480477
30,1,"MLE",1.14338957545974,0.0268828852146346
30,1,"MLE",0.801738097716607,0.00891736926456732
30,1,"MLE",0.999043177954923,-0.0327101330657831
30,1,"MLE",1.05085886017319,0.0145681353798677
30,1,"AD",0.891432880163919,0.0108961266048889
30,1,"AD",0.963174230404619,0.0107951433153032
30,1,"AD",0.997748498978775,-0.00267590090689895
30,1,"AD",1.13936896831432,0.00417284084037806
30,1,"AD",1.02421071648626,-0.00728175502394457
30,1,"AD",1.01224650035476,0.0123041735462806
30,1,"AD",1.0381396199013,0.0222798597428373
30,1,"AD",0.863079241924076,0.00883731467771043
30,1,"AD",0.949019207557189,-0.00230955392218857
30,1,"AD",1.15055187003633,2.68144104988988e-05
30,1,"AD",1.09206071796556,0.00702605752119467
30,1,"AD",1.04807547785549,0.0242462301784545
30,1,"AD",0.914989630273989,-0.0126064187660307
30,1,"AD",0.869322665807269,0.00374183490346625
30,1,"AD",0.980708418148096,-0.00134567077316838
30,1,"AD",0.974020264543503,0.00227434265106474
30,1,"AD",1.08749534063608,0.0114525159800611
30,1,"AD",0.991478206668859,-0.00484284750654607
30,1,"AD",1.04611839934998,0.00912796711295161
30,1,"AD",0.980357519960292,-0.0102646192815695
30,1,"AD",0.988302846966733,0.00786407086588248
30,1,"AD",1.00096582649753,0.00789932976042163
30,1,"AD",1.07996377457581,0.00641737167019341
30,1,"AD",1.07851883151474,0.0120937619762951
30,1,"AD",1.10486581995312,0.00733158440753412
30,1,"AD",1.17168799778706,0.0158025003433535
30,1,"AD",0.930709187896324,0.0240730351640333
30,1,"AD",0.974557060471682,0.0200227226981237
30,1,"AD",1.15884159198416,0.0114528707634187
30,1,"AD",1.10776282116605,0.0108879661643173
30,1,"AD",1.06018925131162,0.0160846986848546
30,1,"AD",1.08712077894387,0.00664163019177644
30,1,"AD",0.967892435768061,0.00996779233565037
30,1,"AD",0.951761710996568,0.00392142430424325
30,1,"AD",1.07035526635679,0.0144378524562756
30,1,"AD",0.909715195264308,-0.00124312369933333
30,1,"AD",0.996001315702346,0.0238545624888817
30,1,"AD",0.926913337686021,0.00615143146893671
30,1,"AD",1.03148018813222,0.0203560152050593
30,1,"AD",1.12032416179644,0.0257644706770384
30,1,"AD",0.864829362027234,-0.00331229706212022
30,1,"AD",1.06630144804093,0.0109107844244241
30,1,"AD",0.983462267567823,0.0154492354384497
30,1,"AD",0.924968495446453,-0.00535765432029556
30,1,"AD",1.19345312104378,-0.00402170378125732
30,1,"AD",0.91603478031705,-0.00135157337131031
30,1,"AD",0.914050420084143,0.00934575346541322
30,1,"AD",1.0424641320514,0.0120886082428058
30,1,"AD",0.924597693108559,-0.0086167189333316
30,1,"AD",0.994036292009149,0.000590079344006567
30,1,"AD",0.948298608642493,-0.00067164415131693
30,1,"AD",1.10208692861885,-0.00585578070162951
30,1,"AD",0.945404518469282,-0.00496983911264115
30,1,"AD",0.979348324070566,0.00476993199458797
30,1,"AD",1.11719746322314,-0.0022921422326585
30,1,"AD",1.09354706830437,0.00079368593539364
30,1,"AD",1.01291002283537,-0.0059024152329008
30,1,"AD",0.968428829275872,0.00967325920255946
30,1,"AD",1.12190481333972,0.00610924000848567
30,1,"AD",1.01574557845386,-0.00317452590059952
30,1,"AD",0.960512208664939,0.0104471467591432
30,1,"AD",1.0056562007584,0.018048840677983
30,1,"AD",1.13719416291889,0.00993344328211099
30,1,"AD",0.954229208542024,0.00422833660891919
30,1,"AD",1.02892603086943,0.014824523882468
30,1,"AD",0.93180867238813,-0.00306211421967229
30,1,"AD",0.979959033475098,0.0175816512529336
30,1,"AD",0.882900921580719,-0.00242778398008614
30,1,"AD",0.829719360237335,0.00755043583896553
30,1,"AD",1.0368540969502,2.01318438257658e-05
30,1,"AD",0.986578289079173,0.00238221367888913
30,1,"AD",1.03759211471441,0.00631623047638619
30,1,"AD",0.960326826730557,0.00786018734568894
30,1,"AD",0.99847998535483,0.0179400009120354
30,1,"AD",1.03940056731741,-0.00531022803950565
30,1,"AD",1.05936953903041,0.0119868831509666
30,1,"AD",1.10480500746741,0.014262600809311
30,1,"AD",1.01527813178842,0.0144646064076022
30,1,"AD",0.95525130956112,0.00522930407869304
30,1,"AD",0.943961292255123,-0.00693645804224685
30,1,"AD",0.880513697682566,0.00485944911185876
30,1,"AD",1.00268019621435,0.0079177901910592
30,1,"AD",0.9951490260239,0.00122330555385552
30,1,"AD",0.943296187099675,0.00596349884228153
30,1,"AD",1.02873781666911,0.017936825219651
30,1,"AD",1.08509254594958,-0.00738343464337654
30,1,"AD",1.12038700973692,0.0141777896978244
30,1,"AD",0.949559714681221,-0.0165729648873161
30,1,"AD",0.853719229837701,-0.0175925826529574
30,1,"AD",0.918424553681574,0.00370817317343008
30,1,"AD",0.954913688816238,-0.0018157899353316
30,1,"AD",1.0606739424722,0.0045627032386919
30,1,"AD",0.968879148711571,-0.0044401259655511
30,1,"AD",0.910730783571954,0.00418808016035743
30,1,"AD",0.917275895147602,-0.0112925178665118
30,1,"AD",1.00906615311983,0.0014551621675627
30,1,"AD",0.981198769012053,-0.000361758148386127
30,1,"AD",1.11351338258574,0.00901911680972378
30,1,"AD",1.02975424214934,0.0100928574808761
30,1,"AD",0.829002692833755,0.00625759767971745
30,1,"MPS",1.11917038339577,0.00675720296441673
30,1,"MPS",1.06053473173925,0.0141135895563418
30,1,"MPS",1.01917142019247,0.0130605046058245
30,1,"MPS",1.04413597428425,0.050781346391363
30,1,"MPS",0.934525889692172,-0.00322712743315412
30,1,"MPS",1.04140825158522,0.0117962679494552
30,1,"MPS",1.07414647480865,0.0589216749667261
30,1,"MPS",1.1701427411786,0.00658925533568233
30,1,"MPS",1.0501358998904,0.0253102291099083
30,1,"MPS",0.959638013780158,0.0185022560036501
30,1,"MPS",0.95633037885942,-0.00786589447384267
30,1,"MPS",1.13268259961937,0.0387154811415413
30,1,"MPS",0.992585400544623,-0.0146178652375207
30,1,"MPS",1.12720035566984,0.0371187964964246
30,1,"MPS",1.04980369971599,0.0288655876679962
30,1,"MPS",0.998946562744935,0.00970951461391589
30,1,"MPS",1.11826672851418,-0.00217908337280504
30,1,"MPS",1.18188043290587,0.0312819694505
30,1,"MPS",1.03076001890012,0.0223102081197915
30,1,"MPS",0.981473134517268,0.00544385296965044
30,1,"MPS",0.933585744375872,0.0354377193040598
30,1,"MPS",1.06473816692596,0.0158136609943562
30,1,"MPS",1.05431311598045,0.0300462654067273
30,1,"MPS",1.16210009482198,0.0674873981405919
30,1,"MPS",0.886913181467775,0.0272390768268047
30,1,"MPS",1.10941392935408,-0.00645583768230762
30,1,"MPS",1.05623073542885,-0.00880178379747321
30,1,"MPS",0.999040602256018,0.0486448396447886
30,1,"MPS",1.08319444425615,-0.00351429146314008
30,1,"MPS",0.975348028360543,-0.00899762582998975
30,1,"MPS",0.965910484623015,0.0251911937612116
30,1,"MPS",0.99337300937327,0.0154296060091522
30,1,"MPS",1.04774134131569,0.00673507295653519
30,1,"MPS",1.06785656259785,0.00265420694759211
30,1,"MPS",0.935181445533254,0.0499406708079556
30,1,"MPS",0.909130494608737,0.034037390456597
30,1,"MPS",1.04091839134593,0.00653991251644337
30,1,"MPS",0.959798627467884,0.031175806351418
30,1,"MPS",1.06585573644102,0.0211133060189268
30,1,"MPS",1.05531268102127,-0.0143143669118206
30,1,"MPS",1.08559186046001,0.0581669315677189
30,1,"MPS",1.01228413362065,0.0145923812826509
30,1,"MPS",1.04729154499428,0.0381494703949041
30,1,"MPS",0.988297901784942,0.0209849535711149
30,1,"MPS",1.03479206174308,-0.000963438602947342
30,1,"MPS",0.977859271963087,0.0559514509157361
30,1,"MPS",0.94157506403533,0.0159289329218697
30,1,"MPS",0.942659115823626,0.013082956137029
30,1,"MPS",1.03319411085904,-0.000340709840394915
30,1,"MPS",1.18903114504425,0.0157088924637678
30,1,"MPS",1.00275978366383,0.0713762161277578
30,1,"MPS",1.08822880834381,0.0381009154196914
30,1,"MPS",0.98714021982995,0.0157934100226905
30,1,"MPS",0.898588795924642,0.0433270157541928
30,1,"MPS",1.17438907863139,0.059910918304579
30,1,"MPS",0.846683139256493,0.00823164033513779
30,1,"MPS",1.12578183509379,0.0139456041756838
30,1,"MPS",0.936101133822439,0.00515477607428583
30,1,"MPS",0.968067990478774,0.032559394467392
30,1,"MPS",0.964636681784103,0.0084876428681615
30,1,"MPS",1.0605529168275,0.0998800429455217
30,1,"MPS",1.05125161968224,0.0601328457322654
30,1,"MPS",1.14012076422251,0.0115048805437155
30,1,"MPS",1.19077612126179,0.00847872230100766
30,1,"MPS",1.11739127936031,0.0576947083822639
30,1,"MPS",1.02171498417693,0.0337940874679408
30,1,"MPS",1.09736835309123,0.0841342019185243
30,1,"MPS",1.16921951001393,0.0537025257422052
30,1,"MPS",1.00790024760283,-0.00953422138719473
30,1,"MPS",1.1913419280234,0.0354167268203678
30,1,"MPS",1.15942031961466,0.0604055185657844
30,1,"MPS",1.05278542552196,0.0376450107370203
30,1,"MPS",1.08596649257198,0.030096758461611
30,1,"MPS",0.926847046105065,0.0312910554131742
30,1,"MPS",0.906476944330866,0.0342094380493034
30,1,"MPS",1.11409285959513,0.0337720561972006
30,1,"MPS",0.98669899309937,0.0268579355330042
30,1,"MPS",0.988805145787106,0.0389091216903286
30,1,"MPS",1.05154189824616,0.0795039431069339
30,1,"MPS",1.11512510393573,0.0714592822534252
30,1,"MPS",0.933199892676164,0.00500940528343574
30,1,"MPS",1.12885053393998,0.0756906313985855
30,1,"MPS",0.897781344195166,0.0356977454311204
30,1,"MPS",1.02022074132937,-0.012229573143282
30,1,"MPS",1.06039160520703,0.00975665110654012
30,1,"MPS",1.00059288359088,-0.0121112456939456
30,1,"MPS",1.08044402270808,0.0133746655105127
30,1,"MPS",0.977088536377513,0.0556419301039164
30,1,"MPS",1.16875556733723,0.0224262556782167
30,1,"MPS",0.831366417043801,0.0468834804753876
30,1,"MPS",1.03453747111366,0.00551690077545297
30,1,"MPS",0.96343892515098,0.0532992419936955
30,1,"MPS",1.0513170796231,0.0102539819086656
30,1,"MPS",0.979697203042453,0.042653085414213
30,1,"MPS",0.898276900297424,0.0247428624632348
30,1,"MPS",1.01916482482678,0.0218849285601707
30,1,"MPS",0.900881025092932,0.0275354711418081
30,1,"MPS",0.947093805007669,0.0104710081562062
30,1,"MPS",0.96834804813133,0.00267651955065806
30,1,"MPS",1.05768698451016,-0.00455122112309292
80,1,"MM",1.04677413559385,-0.00136512529596056
80,1,"MM",1.03625955093494,0.000494214504862978
80,1,"MM",0.973006754527114,0.00222740464574989
80,1,"MM",0.919704149806332,-0.00319236549997814
80,1,"MM",1.15543527517042,-0.00176790336458788
80,1,"MM",0.89996916382823,0.000415235998041164
80,1,"MM",1.04056880029231,-0.000554144406034629
80,1,"MM",1.02699080025007,-0.000137118114476475
80,1,"MM",1.06694317433991,-0.00176961661692454
80,1,"MM",0.936079579644649,0.00252110381005588
80,1,"MM",1.01595851504099,0.00272213400572285
80,1,"MM",0.954917756527479,-0.0018917531283652
80,1,"MM",1.01013412172114,0.0010155845506532
80,1,"MM",1.02326154033114,0.00365307121486436
80,1,"MM",0.968854991820054,-0.000792430794721355
80,1,"MM",0.987478798205215,-0.000858616574227034
80,1,"MM",0.961346262627074,-0.00104374027409981
80,1,"MM",1.02705775491411,3.47558734545839e-05
80,1,"MM",1.00074584474687,-0.00222491526585578
80,1,"MM",1.10441554332654,-0.00128445195384552
80,1,"MM",0.988242120330834,-0.00211913971908617
80,1,"MM",0.944380300461819,-0.00302686001523667
80,1,"MM",1.00493163742681,-0.000826141245866552
80,1,"MM",0.947966236038699,0.00109665680332938
80,1,"MM",0.975379360173589,0.00299153396176199
80,1,"MM",0.966235311715183,-0.000568340200769013
80,1,"MM",0.999847148234904,-0.00195650856527985
80,1,"MM",1.03625341818492,0.000810483424847019
80,1,"MM",1.00666803230312,-0.002499703937346
80,1,"MM",0.908502850876095,0.00133205796538016
80,1,"MM",1.02504938212909,7.16706768431052e-05
80,1,"MM",1.00173575625278,-0.00299695345879036
80,1,"MM",0.91810102056792,-0.00119563317985072
80,1,"MM",0.988055598687865,0.0024137423489311
80,1,"MM",1.00001033522776,0.000140334927847263
80,1,"MM",0.947593399098385,0.00177093084470503
80,1,"MM",1.02697943791437,0.000727884052028838
80,1,"MM",0.99895182421871,0.00447980215375487
80,1,"MM",0.926136190284388,-3.72646887137895e-05
80,1,"MM",1.10593623435221,0.000154312238674237
80,1,"MM",1.03447365348025,0.00324173168327113
80,1,"MM",1.06185014330339,-0.00102772365870485
80,1,"MM",1.00410749712218,-0.00257171724706384
80,1,"MM",0.982032242248491,0.00138178363476305
80,1,"MM",1.01818307878933,-0.00102218364761542
80,1,"MM",1.052748291113,-0.000886625052434642
80,1,"MM",0.971331775008661,-0.000924715937695719
80,1,"MM",0.964586180580512,0.00157857028419373
80,1,"MM",0.946290041738693,-4.88743381509282e-05
80,1,"MM",0.995827304317116,0.000238667862696218
80,1,"MM",0.979781408621853,0.00121745081653124
80,1,"MM",0.992765015431319,0.000667954831907402
80,1,"MM",1.03433725367053,0.000567091237265283
80,1,"MM",0.996778115831394,0.00204299232115646
80,1,"MM",1.02000805369885,-3.79049749861249e-05
80,1,"MM",1.04313853322117,-0.00321733221359288
80,1,"MM",0.922949736982185,3.80123693708434e-05
80,1,"MM",0.922464141254744,-0.00382562554746724
80,1,"MM",1.03323191693789,-0.00136376559882256
80,1,"MM",0.98236633673402,0.000397387508864755
80,1,"MM",1.02724531123161,-0.00174458579109293
80,1,"MM",0.964028150197966,-0.000122440048940686
80,1,"MM",0.985175026210136,0.00163062405865477
80,1,"MM",1.05457115074719,-0.00174688688039404
80,1,"MM",1.03981991372957,0.00149599005340173
80,1,"MM",1.04155848000977,-0.00133372206733995
80,1,"MM",0.940044720315932,-0.000139949364626801
80,1,"MM",1.10663187322024,0.00116531188658131
80,1,"MM",1.04152385398336,-1.82092449185767e-05
80,1,"MM",0.933080146078668,-0.00097665888242604
80,1,"MM",1.0631604289782,-0.0012350794548619
80,1,"MM",1.01248192238854,-0.000145623512250781
80,1,"MM",0.97895199524383,-0.00136678800793666
80,1,"MM",1.14428459358047,0.000896100868010397
80,1,"MM",1.02342997245841,0.00242566051267001
80,1,"MM",1.07227223757931,0.00042249228663227
80,1,"MM",1.01227053557498,-0.000600291441413603
80,1,"MM",0.982262848079933,0.000790948578032857
80,1,"MM",0.998593739799086,0.00219559880565456
80,1,"MM",1.08447990430966,-0.00311855550178475
80,1,"MM",0.965447963316684,-0.00163346860976721
80,1,"MM",0.923848005503026,-0.000523639018271904
80,1,"MM",1.01850782728455,0.000924607372850828
80,1,"MM",0.921862985014529,0.000992870099015608
80,1,"MM",0.980528782447253,0.000582671519105626
80,1,"MM",1.00320889137053,-0.00163811252263879
80,1,"MM",1.01357649404285,-0.00246788446159574
80,1,"MM",1.0541175485711,-0.00027877512607688
80,1,"MM",0.897135266597697,-0.00151540856009091
80,1,"MM",0.943206680610822,-0.00101725254447982
80,1,"MM",1.0222636971951,0.000706559873696166
80,1,"MM",0.928995905418639,0.00235483762214317
80,1,"MM",1.14224307912893,0.00288115323535743
80,1,"MM",0.981308446786918,-0.000733083766292442
80,1,"MM",1.01381720033658,-0.0014965559441471
80,1,"MM",0.974105064639475,-0.00228256602861021
80,1,"MM",1.03787492161388,-0.000926750990940306
80,1,"MM",0.936528773624211,-0.000158330758571412
80,1,"MM",1.0127940831362,0.00139196576163014
80,1,"MM",0.994848716309238,0.000700563106360685
80,1,"MLE",0.998744959388245,0.0228922283752331
80,1,"MLE",1.02630172421573,-0.0163136554173076
80,1,"MLE",0.945414528694289,0.00446101159369083
80,1,"MLE",1.02416871670108,0.0120651203848312
80,1,"MLE",0.968263506295061,0.0249376280139887
80,1,"MLE",1.06374903862749,0.00236074964271338
80,1,"MLE",0.996458390850273,-0.020067328517157
80,1,"MLE",0.938703868788222,-0.00124771715206606
80,1,"MLE",0.989167997146212,0.0137043737509096
80,1,"MLE",0.978607051865519,0.0107184326752955
80,1,"MLE",0.986296884540395,-0.00633395747310339
80,1,"MLE",1.08342996242799,0.00728147550605929
80,1,"MLE",1.01144239847354,-0.0174408800908217
80,1,"MLE",0.992842193860101,-0.0148354709123981
80,1,"MLE",0.983271106920078,-0.00167404223292711
80,1,"MLE",0.987390832028448,-0.00365589566594982
80,1,"MLE",0.986489955442909,-0.00731913946781315
80,1,"MLE",1.05032157304303,0.00227095329040261
80,1,"MLE",0.990968224194191,-0.00190239970751338
80,1,"MLE",1.01080903024522,-0.0281357497392265
80,1,"MLE",1.07359959725569,-0.00455460754860382
80,1,"MLE",1.04026163582333,0.0140449761561496
80,1,"MLE",0.986170497566199,-0.00753541601970054
80,1,"MLE",0.982078283736445,-0.0287664013502203
80,1,"MLE",0.992702134370309,0.00226566458954958
80,1,"MLE",1.05500926692076,-0.00967644834938275
80,1,"MLE",0.954937036601007,-0.0170758169572643
80,1,"MLE",1.00427427351432,-0.00239006457129509
80,1,"MLE",1.05258808296007,-0.00797861759548102
80,1,"MLE",0.998047384881347,0.000783434516877457
80,1,"MLE",0.971861832343779,-0.00892602244299578
80,1,"MLE",0.963506642803172,0.0131892045302615
80,1,"MLE",1.10521949883044,-0.00500585443836443
80,1,"MLE",1.00171499742997,0.0201062320134282
80,1,"MLE",0.985410621706656,-0.0115699614800147
80,1,"MLE",0.95249653982284,-0.00785263443131812
80,1,"MLE",0.974709561571222,-0.00464954089318781
80,1,"MLE",0.968074951353685,0.00780938247697749
80,1,"MLE",0.970014706540216,-0.0143662300882639
80,1,"MLE",0.955869004232571,-0.000442869129482881
80,1,"MLE",1.01581080813832,-0.0171864164733195
80,1,"MLE",0.976337140114763,-0.0147660316245768
80,1,"MLE",1.10377914563323,0.0143415471324744
80,1,"MLE",1.03691196152774,-0.000639024767984608
80,1,"MLE",1.09814649818598,-0.000359450483075063
80,1,"MLE",0.969581330126206,-0.0205542503480753
80,1,"MLE",1.01943167915107,0.000582590478918288
80,1,"MLE",0.963831819553645,-0.00921636261811565
80,1,"MLE",0.995616891229569,-0.00316854813856327
80,1,"MLE",1.05555906741935,0.00797355660087762
80,1,"MLE",1.02429017560279,-0.0145195126983737
80,1,"MLE",0.972540826356537,-0.00313883694331363
80,1,"MLE",1.13000487525348,0.0137117739975383
80,1,"MLE",1.03633859309424,-0.0124827996935879
80,1,"MLE",1.03367448519507,-0.00984951734692907
80,1,"MLE",0.971379328349954,-0.00123645248971926
80,1,"MLE",1.0315181520631,-0.00899788965503845
80,1,"MLE",0.983536562899696,-0.00963010693712818
80,1,"MLE",0.974660787657146,-0.00964264953562266
80,1,"MLE",0.973802004131483,0.00474863052241037
80,1,"MLE",1.01550131881863,-0.00124841696598921
80,1,"MLE",0.993492351870547,-0.0141401831570804
80,1,"MLE",0.991932717497575,-0.0171963960639541
80,1,"MLE",0.976216452463739,-0.00774671613529399
80,1,"MLE",1.00043685079435,0.00599737793068633
80,1,"MLE",0.895406305193497,-0.00302519568713722
80,1,"MLE",1.00423106085087,-0.00588297887808453
80,1,"MLE",1.05436702670811,0.00245772499732388
80,1,"MLE",0.983251306482168,-0.0141576937405459
80,1,"MLE",0.923970352220329,-0.00526688210942206
80,1,"MLE",1.07782685713882,-0.00496050441311646
80,1,"MLE",0.944504243904235,-0.0121164808554894
80,1,"MLE",1.02168683540227,0.00977289911211265
80,1,"MLE",1.01387150512472,0.017556580901693
80,1,"MLE",1.01603854848726,0.0116246360651062
80,1,"MLE",0.938098917313445,-0.00523971109116916
80,1,"MLE",1.00389602044924,-0.0194983072737223
80,1,"MLE",1.02041748119357,0.00579620126365432
80,1,"MLE",0.984293116899298,-0.00118085687095482
80,1,"MLE",0.989846468227521,-0.000466126823361779
80,1,"MLE",1.00944203444244,0.0217607735474934
80,1,"MLE",1.10341121278126,0.00373326222364589
80,1,"MLE",0.961232564114429,-0.0040008377956321
80,1,"MLE",0.997327291540181,-0.00708765355460461
80,1,"MLE",0.980603210263486,-0.00385889400975947
80,1,"MLE",0.906770035406711,0.00112858652525427
80,1,"MLE",1.00202387516607,-0.012608764772609
80,1,"MLE",0.952408695118046,-0.00481301804947032
80,1,"MLE",0.974509981071912,-0.0289944815951023
80,1,"MLE",0.977244085443277,-0.0195136766705859
80,1,"MLE",1.01511396691327,0.00641737223139605
80,1,"MLE",0.972426243491924,-0.00367924889076365
80,1,"MLE",1.01089111489362,0.00410673202859702
80,1,"MLE",1.03509492721046,-0.00262804792184457
80,1,"MLE",1.0132555278985,-0.00680522794320138
80,1,"MLE",0.980089341794738,-0.0294082932434683
80,1,"MLE",0.941769277288533,-0.0107661252555653
80,1,"MLE",1.08368237793057,-0.00156935378809098
80,1,"MLE",0.928144630751532,-0.01315931715743
80,1,"MLE",1.01344330466375,0.00906666046445337
80,1,"AD",0.993277569859166,-0.00595752598677979
80,1,"AD",0.981415869611585,0.0139155008091656
80,1,"AD",0.943746326467152,-0.00725410484334121
80,1,"AD",1.05347159079536,0.00628966818362087
80,1,"AD",0.981488399868285,0.00326194493355958
80,1,"AD",1.04623726348009,0.0059542753126165
80,1,"AD",1.03777089320447,0.00546567000287457
80,1,"AD",1.04178816438779,-0.0036259996110144
80,1,"AD",0.983591705150898,-0.000229310922330139
80,1,"AD",1.00571686333292,0.00878061944620967
80,1,"AD",0.996534334500662,-0.00668215989793763
80,1,"AD",1.00415119247068,0.00218532570808394
80,1,"AD",0.928479315362261,0.000895724712148049
80,1,"AD",1.02529193695909,-0.00498814048455665
80,1,"AD",1.05431452553476,-0.00397487185554812
80,1,"AD",0.991239157037547,0.012809441034662
80,1,"AD",1.02896040531344,-0.0027912196105857
80,1,"AD",1.00090748100312,0.000774705507816886
80,1,"AD",0.921136485269605,-0.0102676823288761
80,1,"AD",0.895098665775408,0.0149705796798272
80,1,"AD",0.958758373832769,-0.000244601825447943
80,1,"AD",0.972526521671571,-0.00937428244628169
80,1,"AD",1.01895450327598,-0.000805973544081295
80,1,"AD",0.999521178859754,0.00456782154953073
80,1,"AD",1.07238061730059,0.0116323040217792
80,1,"AD",0.980224425877828,-0.00235611047381001
80,1,"AD",0.985046025240935,0.0012646690726178
80,1,"AD",1.00490746323787,0.00761525138070518
80,1,"AD",1.04415094361738,0.0066880167782899
80,1,"AD",0.964447040190465,-0.00345543162061779
80,1,"AD",1.04624433292601,0.00668602873444368
80,1,"AD",0.917301163580119,0.00672229578049433
80,1,"AD",1.03844312763963,-0.00486931161770632
80,1,"AD",1.09269175030079,0.00582728865600024
80,1,"AD",0.875623727647706,0.0010737744046625
80,1,"AD",1.02372526607166,-0.000409072710516822
80,1,"AD",0.964646750258242,-0.00234752229502211
80,1,"AD",1.05269245389357,0.00215855755894712
80,1,"AD",0.940482824884008,-0.00853920644746808
80,1,"AD",1.03651601479729,0.00606827222492146
80,1,"AD",0.976582642143762,-0.000958884045766273
80,1,"AD",1.01497195787341,-0.00617213470114586
80,1,"AD",0.975288223104777,-0.00481304443346076
80,1,"AD",1.07643388059995,-0.00244580487228796
80,1,"AD",1.00219434856813,0.0160190402730573
80,1,"AD",0.904408331468256,-0.00729328878335656
80,1,"AD",0.940868255324052,0.00273200305632337
80,1,"AD",0.967954575251727,0.00215094750862876
80,1,"AD",0.950436321865845,0.00660676309262498
80,1,"AD",0.992915025890365,-0.00361843329859224
80,1,"AD",0.986301804977452,0.0061296941070238
80,1,"AD",1.01191148800782,0.00333786133585079
80,1,"AD",0.96302652203531,-0.00211765866452895
80,1,"AD",0.959030178301617,0.00305989191568412
80,1,"AD",1.00396056275889,0.00127798239712784
80,1,"AD",0.955257779587587,0.00917779730437096
80,1,"AD",0.987438632958651,0.00588954814844034
80,1,"AD",1.04000613705963,0.00631069234018455
80,1,"AD",1.06747558392017,-0.00145964551187605
80,1,"AD",1.00121250070624,-0.000156735648837447
80,1,"AD",1.05505327004772,0.022156755774061
80,1,"AD",0.870577820829543,-0.000657250093642481
80,1,"AD",1.05079141339006,0.00505902723103824
80,1,"AD",1.01724935697639,-0.00433617084659765
80,1,"AD",1.00872418637357,-0.00635168959535637
80,1,"AD",0.992946845867151,-0.00290238298986234
80,1,"AD",0.960417216154695,-0.00735904483942784
80,1,"AD",1.07773722086742,0.00352882645589148
80,1,"AD",1.01279301249462,-0.010934467499244
80,1,"AD",1.06201308043728,0.0038742279986903
80,1,"AD",0.991918882358264,0.00819410966369405
80,1,"AD",0.966463912104372,0.00457542041002124
80,1,"AD",1.00071314127579,-0.00412236797264276
80,1,"AD",0.95583351469682,0.0151595601940813
80,1,"AD",1.036319245685,0.00552673356478839
80,1,"AD",0.969184186200824,-0.00777748853119009
80,1,"AD",1.09055591278041,0.00802169802485375
80,1,"AD",1.08737372564916,0.00774631650955215
80,1,"AD",1.02123823616223,-0.00759680338857116
80,1,"AD",0.980471588689554,-0.00437088500736449
80,1,"AD",0.962976973772348,-0.0102094094919427
80,1,"AD",1.03749972633031,0.0106305107898332
80,1,"AD",1.0489360657365,0.00660669672723091
80,1,"AD",0.930593043717717,-0.00629249798288611
80,1,"AD",0.968214553180378,-0.0049134238740246
80,1,"AD",1.0162363306651,0.000423552293011387
80,1,"AD",0.982663761927099,-0.00599620079757013
80,1,"AD",1.01028183459423,0.0184757482470685
80,1,"AD",1.00565346991438,0.011683770886348
80,1,"AD",1.02588180017649,0.0150132556019267
80,1,"AD",1.00366788573954,0.00520951637279055
80,1,"AD",0.997110454654226,0.00866117862694382
80,1,"AD",0.97059280845597,-0.00148647993531592
80,1,"AD",1.0616427741666,0.0120919014789136
80,1,"AD",0.9545791804225,0.000487127715779967
80,1,"AD",1.027074338319,0.0107628295277369
80,1,"AD",1.01516996631045,0.00140963838997799
80,1,"AD",0.986222898900624,5.85958388132912e-06
80,1,"AD",0.955454478239064,0.00560973143892196
80,1,"AD",0.961571622103822,0.00199475234831903
80,1,"MPS",1.01302482731245,0.0263132767743827
80,1,"MPS",1.05206345149611,0.0239210305098105
80,1,"MPS",1.07482166481407,0.00631627459317086
80,1,"MPS",0.968185415326384,0.0423791149620579
80,1,"MPS",1.00051384374641,-0.00445871996297065
80,1,"MPS",1.05676320622248,0.0267486650988862
80,1,"MPS",1.02250932197328,0.0277984288525529
80,1,"MPS",0.96813427187684,0.0165788259574894
80,1,"MPS",1.05200726213115,0.0328093657815502
80,1,"MPS",1.04029992127383,0.0235092846471037
80,1,"MPS",0.990324950560077,0.0183117050959799
80,1,"MPS",0.987993065301129,0.0191003270540527
80,1,"MPS",0.909850957536765,0.0195339960185563
80,1,"MPS",0.995943942670059,0.0153301390137665
80,1,"MPS",0.994486592969922,0.0174376486557211
80,1,"MPS",1.01026871559199,-0.0031771776784657
80,1,"MPS",1.06898420506274,0.0150375087472281
80,1,"MPS",0.952462818125493,-0.00429061764591587
80,1,"MPS",1.0447727988103,0.00664945958682184
80,1,"MPS",1.09011700498561,0.00274342443989184
80,1,"MPS",1.00465602382019,-0.0029726667094756
80,1,"MPS",1.0017063392523,0.0124075226530861
80,1,"MPS",0.992601357253181,0.0163315747761613
80,1,"MPS",1.02162133373444,0.00678044744322626
80,1,"MPS",1.04311859538331,0.00258584178559107
80,1,"MPS",0.948656828775015,0.0243162270896293
80,1,"MPS",1.0248571828173,-0.00366335694927766
80,1,"MPS",1.05890112010691,0.0248452851922845
80,1,"MPS",1.0014612713555,0.0267642190184562
80,1,"MPS",0.966894921713676,0.0261257637450832
80,1,"MPS",1.03352878730851,0.0124656631829196
80,1,"MPS",0.991491687222656,0.00665321709862676
80,1,"MPS",1.02785543229687,0.00648976199119033
80,1,"MPS",1.05973485362251,-0.00241457985988558
80,1,"MPS",0.97807193535303,0.0328815860778872
80,1,"MPS",1.01088486349579,0.018364935992742
80,1,"MPS",0.930085738567814,0.0387642124818957
80,1,"MPS",0.907384152011687,-0.00234246203178023
80,1,"MPS",1.05033403158891,0.00224175502579715
80,1,"MPS",1.05129809636688,0.0167901963752819
80,1,"MPS",0.941611056507104,0.00991680066052325
80,1,"MPS",1.04450353514005,0.0201743644502255
80,1,"MPS",1.06703768271043,0.013375897725554
80,1,"MPS",0.977124893046234,0.0145843317734574
80,1,"MPS",1.01882205122927,-0.00963541914289778
80,1,"MPS",1.03760326031641,-0.013237541457789
80,1,"MPS",1.02312038834452,0.0120010246799303
80,1,"MPS",0.952812852251788,0.00206133585022028
80,1,"MPS",1.04059111271997,0.00216825214675742
80,1,"MPS",1.02755779898841,0.00454661725846983
80,1,"MPS",1.02994374830089,0.0120851013307679
80,1,"MPS",1.02031369881415,0.0204494158163572
80,1,"MPS",0.972726805231477,0.017357236858152
80,1,"MPS",1.00182683962872,0.0395344448322256
80,1,"MPS",1.05983757511025,0.032110587718329
80,1,"MPS",1.0758090143618,0.00433638089188082
80,1,"MPS",1.03780735507888,-0.00378633489675195
80,1,"MPS",0.974278615987908,0.00917649917290442
80,1,"MPS",0.943078396015882,0.00250904569136079
80,1,"MPS",1.00551368422275,-0.00873251400781161
80,1,"MPS",0.965664637740498,-0.00605161204171956
80,1,"MPS",0.988731977335429,0.0593938145084584
80,1,"MPS",1.00443358414912,0.0036679393656931
80,1,"MPS",1.00314574961053,0.00938527230773112
80,1,"MPS",1.03085662404854,0.018832665675967
80,1,"MPS",1.02728551783674,0.0132218539822055
80,1,"MPS",0.97925837602424,0.0198449570746023
80,1,"MPS",0.898346470793107,0.0138913889496166
80,1,"MPS",1.06680513185449,-0.00716194057159991
80,1,"MPS",1.06262976625386,0.0260374968184913
80,1,"MPS",1.03650215485266,0.00665054709789348
80,1,"MPS",0.996143441578447,0.016180196959004
80,1,"MPS",0.950077012000589,-0.0145650051031084
80,1,"MPS",1.02663288966955,0.0102166352825555
80,1,"MPS",1.00676931450843,-0.000293638535358465
80,1,"MPS",1.00058909666913,0.023770481559827
80,1,"MPS",1.02317945149757,0.0159606880701828
80,1,"MPS",1.00771285185635,0.00635534671319449
80,1,"MPS",0.982431440778964,-0.0034843638048957
80,1,"MPS",1.00504899782189,0.0255149207161186
80,1,"MPS",1.06513654670925,0.00661857988002201
80,1,"MPS",1.05270982763565,0.0137427523141131
80,1,"MPS",0.987173981585482,-0.00069703959615508
80,1,"MPS",0.95917455171148,0.00151360862940697
80,1,"MPS",1.08835392389676,0.0432494770286977
80,1,"MPS",1.04367912852396,0.0131346049597838
80,1,"MPS",0.963179519129687,0.0244301498520814
80,1,"MPS",0.982502959495977,0.00487313118070976
80,1,"MPS",0.941459176345176,0.00117662507736671
80,1,"MPS",0.975758669351181,0.0153476506037681
80,1,"MPS",1.01352750117161,-0.00837826291450372
80,1,"MPS",1.07998945040748,0.0116725056745255
80,1,"MPS",0.974663516378901,0.0233967412620047
80,1,"MPS",0.965102624069854,-0.0074893555797293
80,1,"MPS",1.05665987678064,0.0352996527484957
80,1,"MPS",0.971382989052903,0.0307538552923319
80,1,"MPS",1.06204105392667,0.0129305561924951
80,1,"MPS",0.988093295370251,0.00359649304025689
80,1,"MPS",0.990796724251157,0.0204434813915245
80,1,"MPS",1.04550878087823,0.0143695886447419
250,1,"MM",1.01186774075875,0.000743982215401395
250,1,"MM",0.967243922327018,0.00137470069017465
250,1,"MM",1.00282979288287,-0.000679987369610613
250,1,"MM",1.01375808701926,-0.000401689811358796
250,1,"MM",0.968168448023858,-0.00016196318792383
250,1,"MM",0.96236202078967,-0.00012090038024215
250,1,"MM",1.01567653606928,0.000222916294444708
250,1,"MM",1.04727425500883,-0.000268115026442306
250,1,"MM",1.00478705617745,0.000443639385022898
250,1,"MM",0.984334667856973,0.000932203768859718
250,1,"MM",0.991970896135883,-0.000296673176047535
250,1,"MM",1.01058419337607,0.000511427680496501
250,1,"MM",1.00621947557855,-0.00221859824859338
250,1,"MM",1.00871121191281,-0.00069999615045746
250,1,"MM",1.00794707179463,-0.000405620040195398
250,1,"MM",1.02160263713344,-0.000436505571373313
250,1,"MM",1.0195292754524,-0.000800971227719272
250,1,"MM",1.02358439116984,0.000767187019150128
250,1,"MM",1.00670020097329,0.00063186907302959
250,1,"MM",0.985625498351957,-0.000235341750580043
250,1,"MM",0.971358268213283,-0.00161079292788646
250,1,"MM",1.01575839239247,-0.00148615325310786
250,1,"MM",1.0095986818995,-0.000884029142506737
250,1,"MM",1.06373855593817,0.0010283125952939
250,1,"MM",0.994988169978102,-0.00116858870673164
250,1,"MM",0.982728734326785,-0.000317680863982428
250,1,"MM",1.02206691503576,0.000895932537638533
250,1,"MM",0.973641671390063,-0.000627368381509341
250,1,"MM",0.997810692748531,0.00141466076922325
250,1,"MM",1.03296855612018,-2.18396219182626e-05
250,1,"MM",0.979544916724493,-0.000618510210873002
250,1,"MM",1.00063063359764,-0.000202900279683504
250,1,"MM",1.00198421956961,-0.000878898290640251
250,1,"MM",1.01959028452837,0.0012994067505061
250,1,"MM",0.97637517409013,-0.0013599179746846
250,1,"MM",1.05024113088877,-5.90931345696433e-05
250,1,"MM",1.00491162752476,-0.000801031600272006
250,1,"MM",0.981787005121005,-0.000178524002958258
250,1,"MM",1.01769154414383,-0.000565257538935438
250,1,"MM",0.986546250393883,-0.00103924724941895
250,1,"MM",1.00024734950785,-0.000643600416510015
250,1,"MM",1.01632324293243,-0.00160217442175759
250,1,"MM",0.964594392541569,0.00101233055389505
250,1,"MM",1.02729776938796,0.00075880413584839
250,1,"MM",1.00583256276353,0.000492005103156279
250,1,"MM",1.01798672434537,0.00202871465919308
250,1,"MM",1.0418690603469,-0.00106532607805221
250,1,"MM",1.00443033540612,-0.00118264720306316
250,1,"MM",1.0908414411547,-0.000629633261866047
250,1,"MM",1.02585967803578,-0.000225442778100549
250,1,"MM",1.03257443450289,-0.0020688189809579
250,1,"MM",1.00087669186633,0.000314616311744231
250,1,"MM",1.00189095526142,9.33286393360877e-05
250,1,"MM",1.04258952149464,0.000888338501488839
250,1,"MM",0.968446085438185,0.000993612410347011
250,1,"MM",0.995642370723149,0.000857680641651704
250,1,"MM",1.00886962037078,-4.88625914460972e-05
250,1,"MM",1.02284583420671,0.000230781847135209
250,1,"MM",0.963816904497219,-0.00174677483754637
250,1,"MM",0.984523968036492,-9.04506469023847e-06
250,1,"MM",1.03047908346081,0.00147894727255804
250,1,"MM",0.994860211765654,0.000369179120966012
250,1,"MM",1.00489816830428,-0.000198951591407592
250,1,"MM",0.960572406671791,-0.00112318040163872
250,1,"MM",1.00955961911497,-5.72437731034547e-05
250,1,"MM",0.978534353465448,-0.000341551329592238
250,1,"MM",0.974771634873339,-0.000428349981193121
250,1,"MM",1.02869271381585,0.000404645548476301
250,1,"MM",0.972225705634651,0.00110186711439808
250,1,"MM",1.01945822453809,-0.000850079569567397
250,1,"MM",1.03903339686028,0.000424746333693937
250,1,"MM",0.99159127754691,-0.000335256737868939
250,1,"MM",0.986759693374521,-0.00184696210816404
250,1,"MM",1.04878098309193,-0.00042613122128321
250,1,"MM",0.993385741485373,0.00118341342795347
250,1,"MM",0.957292981714074,-0.000768978039827339
250,1,"MM",0.964825607791648,-0.000365369051988473
250,1,"MM",0.993879354583227,0.000338199398185579
250,1,"MM",0.994272589179605,-0.000141539523389467
250,1,"MM",1.00289341830953,0.000523036933145926
250,1,"MM",0.97839398756852,0.000456729427830593
250,1,"MM",1.00189186822365,0.000182621211304523
250,1,"MM",1.02310739950828,0.00232610096844166
250,1,"MM",0.980496989528451,-0.000163551037140941
250,1,"MM",0.982114792934427,0.000962904476989435
250,1,"MM",0.971165230785314,-0.000841813690508508
250,1,"MM",1.02214189868605,-0.000560420727645949
250,1,"MM",1.03023770915699,0.000527866993379478
250,1,"MM",1.00168647131487,-0.00106378669273144
250,1,"MM",0.987670473658772,-0.00024409883936527
250,1,"MM",0.983644862412891,0.000385328204704827
250,1,"MM",1.01927529668103,-0.000181743761868525
250,1,"MM",1.02089095760138,-0.000830134434417484
250,1,"MM",1.02760874435108,0.000144829965972093
250,1,"MM",0.994104878638954,-0.000484016384489139
250,1,"MM",0.998940293186189,0.00147570182066858
250,1,"MM",1.0057572202838,-0.000379674999574364
250,1,"MM",0.982545421516125,0.000696559937204078
250,1,"MM",0.97509134126587,-0.000216522190830459
250,1,"MM",1.02394209839611,-0.000585929528622131
250,1,"MLE",0.97445500023679,-0.0113197012243522
250,1,"MLE",0.96811624598054,-0.00162315693571036
250,1,"MLE",1.01404872407987,-0.00445831042103828
250,1,"MLE",0.999533606501756,0.00733768471249652
250,1,"MLE",1.00194876326266,-0.00102769777530987
250,1,"MLE",0.940772290054406,-0.00176960156635986
250,1,"MLE",0.953966208167604,-0.00708571734694541
250,1,"MLE",0.967319239755898,-0.00646159702617388
250,1,"MLE",1.01221474812422,-0.00199160238312746
250,1,"MLE",0.964077504399796,-0.00551283662168445
250,1,"MLE",0.956513033100258,-0.00138492526110257
250,1,"MLE",0.981498982048079,-0.00714928682875826
250,1,"MLE",1.01997520345162,0.00264364263465855
250,1,"MLE",1.01906577046318,0.000443320041908724
250,1,"MLE",0.987837832305226,-0.00179594797379046
250,1,"MLE",0.974273300251667,-0.00793701028850846
250,1,"MLE",0.983875646257684,0.000871254707385249
250,1,"MLE",1.01520534011224,-0.0106087428411354
250,1,"MLE",1.01844419919584,0.00363694291707484
250,1,"MLE",1.02378584438724,0.00127983973784529
250,1,"MLE",1.03599333369072,-0.00177356482729141
250,1,"MLE",0.984769025195911,0.0138187683791895
250,1,"MLE",1.05953136926516,-0.0161842240037724
250,1,"MLE",1.02704221872864,0.00712581506055199
250,1,"MLE",1.00608287806408,-0.00413513492020257
250,1,"MLE",0.994565376482594,0.00870099089449272
250,1,"MLE",0.994658911308287,-0.00414353931780298
250,1,"MLE",1.02684197697678,0.00128678190925546
250,1,"MLE",0.977188243343358,-0.000786814719680895
250,1,"MLE",0.996686347171104,0.00951767041485874
250,1,"MLE",1.00503308242497,0.000312682697239941
250,1,"MLE",0.999948752229889,-0.00263599774083578
250,1,"MLE",0.994452429858811,-0.00657029578070745
250,1,"MLE",0.991039544751964,-0.00518078261025201
250,1,"MLE",1.01771883951598,0.00382638635006272
250,1,"MLE",1.0275459978577,0.00373902397872472
250,1,"MLE",1.00292646594293,-0.00232175501339116
250,1,"MLE",1.01306732233872,-0.00370790328745718
250,1,"MLE",1.00755722315664,-0.00223453154625863
250,1,"MLE",0.985835384008063,0.00105833364831986
250,1,"MLE",0.981356808327365,-0.00501703927126673
250,1,"MLE",0.992687629787289,0.00743341656836083
250,1,"MLE",1.02466412976747,-0.010068699038922
250,1,"MLE",0.989418483192761,0.00365935018277341
250,1,"MLE",1.02809853136673,0.00393852601575673
250,1,"MLE",0.970831158966682,-0.00261844600237771
250,1,"MLE",1.00959849794608,0.00019459896400309
250,1,"MLE",0.976162636618462,-0.00487463270183319
250,1,"MLE",1.02281888768346,0.00748327556054584
250,1,"MLE",0.956900707726878,-0.00156180307832665
250,1,"MLE",0.965765942526027,-0.00175772386008821
250,1,"MLE",0.985250841296182,0.010111998460563
250,1,"MLE",1.00706466613038,-0.00563028277096
250,1,"MLE",0.962982378977664,0.00490201009462987
250,1,"MLE",0.963491406657011,-0.00865982160763057
250,1,"MLE",1.02379398239674,-0.00192307563941552
250,1,"MLE",1.01945959139121,-0.00729164165793916
250,1,"MLE",0.985538859353474,-0.00493745821930314
250,1,"MLE",1.00218362379989,0.011868349591463
250,1,"MLE",1.00580449564547,-0.00741040198159482
250,1,"MLE",0.973940658753491,0.0110931077802071
250,1,"MLE",0.971663489370491,0.00285906697455884
250,1,"MLE",1.01084335830488,-0.0113070965624704
250,1,"MLE",1.04097088435242,0.00349260513649829
250,1,"MLE",1.01204212908376,0.00486247602086154
250,1,"MLE",0.997646268165134,-0.000489210995024303
250,1,"MLE",1.00290691203211,0.00733492132456071
250,1,"MLE",0.996023990305373,0.00386878732528695
250,1,"MLE",0.995524711008073,-0.00231285438570017
250,1,"MLE",1.03783872566243,0.0041956931267304
250,1,"MLE",0.968437019825818,-0.00106851516765005
250,1,"MLE",1.00255308620721,0.00785190444895389
250,1,"MLE",0.986431844309113,-0.0060500871821193
250,1,"MLE",0.9790107314295,-0.00104226826787945
250,1,"MLE",0.970465172692732,-4.98489357044773e-05
250,1,"MLE",0.977741448572438,-0.00719042958414517
250,1,"MLE",1.02623431263239,-0.00189355393258461
250,1,"MLE",1.01711328603696,-0.00777701260760555
250,1,"MLE",0.99403343134411,-0.0126452202373786
250,1,"MLE",0.998178933368014,-0.00640903226746736
250,1,"MLE",0.994159122391636,-0.0116576835471578
250,1,"MLE",1.03171667296128,-0.00801142812178535
250,1,"MLE",1.00692430708499,-0.0112819090682714
250,1,"MLE",0.996468025224593,0.00779739546479197
250,1,"MLE",1.00515833279737,0.0100801128180297
250,1,"MLE",1.00085241231619,-0.00295181652761833
250,1,"MLE",0.96263928985897,0.0193670889784714
250,1,"MLE",1.00168606894562,-0.00503678652225359
250,1,"MLE",0.990793523114261,0.00109199252576986
250,1,"MLE",0.998870506167323,0.00775883530484756
250,1,"MLE",0.990079929144373,0.00301482585409363
250,1,"MLE",1.01180229724568,-0.0075791783485728
250,1,"MLE",1.04387851624308,0.00504638681313829
250,1,"MLE",1.0159633983178,0.00687160829052957
250,1,"MLE",1.02148989123685,-0.00414632019757066
250,1,"MLE",1.00988810405846,-0.00673960001632401
250,1,"MLE",1.05301623204516,-0.0213176256982865
250,1,"MLE",0.971927268243735,-0.00336113690675377
250,1,"MLE",1.01969277617807,-0.00693157309097558
250,1,"MLE",1.00649704214022,0.0184865906811144
250,1,"AD",1.04532868676844,0.00159838063824402
250,1,"AD",0.988048026474622,0.00712877211780183
250,1,"AD",0.988264353618779,0.00151201003316592
250,1,"AD",0.992487178236109,-0.000718198822702076
250,1,"AD",1.01586115463352,0.0089648799275448
250,1,"AD",0.97782160272275,-0.0137020321288206
250,1,"AD",1.04923044852223,-0.00421998674061541
250,1,"AD",1.04524842631265,0.00420681334269246
250,1,"AD",0.981827474701302,0.000578466457673343
250,1,"AD",1.04068010799698,0.00384847507506936
250,1,"AD",1.03989787395536,-0.00247063008436665
250,1,"AD",0.949081498960243,-0.000929067044821541
250,1,"AD",1.00358231500454,0.00574883361435441
250,1,"AD",0.950713268728624,-0.00495590263507129
250,1,"AD",1.07192480638367,0.0023958680273144
250,1,"AD",1.00522014085285,0.00777107093581153
250,1,"AD",1.00861664641088,0.00209568863623599
250,1,"AD",1.00694891323421,-0.00983613082391255
250,1,"AD",1.04084070554208,0.00889120593661552
250,1,"AD",0.992143687480156,0.0115129762572006
250,1,"AD",0.980776181667323,0.000242294354570016
250,1,"AD",1.00337968450879,4.60985858448115e-05
250,1,"AD",0.989991002730261,0.00352227811151973
250,1,"AD",0.961368892223506,-0.00114690435489118
250,1,"AD",1.01574670089005,0.00544283803844214
250,1,"AD",0.990570456153424,-0.00368587301523604
250,1,"AD",1.0136360513698,0.000597639636165104
250,1,"AD",0.995470321948242,-0.00411185844015571
250,1,"AD",1.03906071999343,-0.0027338639036083
250,1,"AD",1.00610621685582,-0.00436520571513177
250,1,"AD",0.949573740112834,0.00482089655816742
250,1,"AD",0.970823817123379,0.00259538421730199
250,1,"AD",1.00745930584687,0.000148415099793908
250,1,"AD",1.01864818528803,-0.000549224317707209
250,1,"AD",1.0034257209161,-0.00536220517948571
250,1,"AD",1.00922363236142,-0.00941333024504187
250,1,"AD",1.01690540526494,-0.0065835106692993
250,1,"AD",1.03028902405336,0.0031847729378276
250,1,"AD",1.0470326502206,0.00448711843085348
250,1,"AD",1.00073442925866,-0.00313428018083695
250,1,"AD",0.986590584866076,-0.00592925845956982
250,1,"AD",0.976582712706343,-0.00871286428210594
250,1,"AD",0.92498179122048,-0.000910816687056726
250,1,"AD",1.03995110834173,0.00133006794006563
250,1,"AD",0.997293221380254,-0.00514782482561693
250,1,"AD",1.00068445692699,-0.00871750436649155
250,1,"AD",0.978029616949091,-0.00462999629867722
250,1,"AD",0.985972933754332,-0.0022419258457187
250,1,"AD",1.00376096388999,-0.00912730475291945
250,1,"AD",1.01540245161342,0.00657205616382694
250,1,"AD",1.06967158554172,0.00260752672837672
250,1,"AD",0.977257872139646,-0.00082491408530283
250,1,"AD",0.977826314179705,-0.0021383058231047
250,1,"AD",1.08627564555766,0.00314299521096362
250,1,"AD",1.01704601427841,-0.00335534213956423
250,1,"AD",1.01379559820543,0.00889697373972997
250,1,"AD",1.02720196731742,-0.00312096809732298
250,1,"AD",1.00237851202827,0.0019780202178592
250,1,"AD",1.01283994894065,0.00794055771128832
250,1,"AD",1.02169854249099,0.00267767714483158
250,1,"AD",0.99011912683409,-0.00301248828458744
250,1,"AD",1.02715052724822,0.00337220230671376
250,1,"AD",0.999887944586749,0.00425421650428748
250,1,"AD",1.01415862659247,0.00196331007144845
250,1,"AD",0.993595297204445,0.0012691451820217
250,1,"AD",1.00514885762605,0.00627500657155389
250,1,"AD",1.00978929541662,0.0102708747514364
250,1,"AD",1.03463780312144,0.00902876829852728
250,1,"AD",0.959552067670399,0.0045462691155802
250,1,"AD",1.01562378643285,0.00418063928908641
250,1,"AD",0.997014618094473,0.00649792032018059
250,1,"AD",1.00015094328742,0.000402140518120153
250,1,"AD",0.98555340687478,-0.00615302833429854
250,1,"AD",0.994446916788051,0.00820674108353658
250,1,"AD",1.03607386424515,0.00371591843948993
250,1,"AD",1.01613303603134,0.00974880057607219
250,1,"AD",0.993596503866632,-0.000743599980305376
250,1,"AD",0.976144539175589,0.000394875174168363
250,1,"AD",0.948417091763636,-0.0072250989658692
250,1,"AD",0.990667411882482,-0.00590395150320444
250,1,"AD",0.976934120844524,-0.00457572377148685
250,1,"AD",1.03207048124027,-0.000340022136223084
250,1,"AD",0.991385956722554,0.000320736440240776
250,1,"AD",0.980304087130409,-0.00604644307172997
250,1,"AD",1.00794148687265,-0.00229749363898479
250,1,"AD",0.998774080903821,-0.00158393080796104
250,1,"AD",0.960245911170742,0.00633964128968401
250,1,"AD",1.02575085472614,0.00383173972085848
250,1,"AD",0.990201285916815,-0.00292139565570027
250,1,"AD",1.00485571477324,0.00547832124092296
250,1,"AD",0.986682516337299,0.000674965049035858
250,1,"AD",0.981487005463247,0.00176386011699359
250,1,"AD",0.961360763388782,-0.00224366799076192
250,1,"AD",1.0192118091663,0.00676680893752835
250,1,"AD",0.993327527385056,0.000632544661225531
250,1,"AD",1.01624145337866,0.000601290668736265
250,1,"AD",1.00825522469105,0.00417541543224442
250,1,"AD",1.03560913353347,0.00115768292113838
250,1,"AD",1.0173570207351,-0.00379834428864179
250,1,"AD",0.982424112339549,-0.000180494047037794
250,1,"MPS",1.00212945915187,0.00705401513990267
250,1,"MPS",1.03991338229794,0.00832507081655098
250,1,"MPS",1.0134006200267,0.0197053173920406
250,1,"MPS",0.985617768978778,0.000465238569906212
250,1,"MPS",1.01237204410793,0.00574657530878664
250,1,"MPS",0.990013507104495,-0.00358358892167077
250,1,"MPS",0.969717497288748,-0.00189539843036524
250,1,"MPS",0.976889258139833,0.00691015405562589
250,1,"MPS",1.01594157828339,0.00471374043587014
250,1,"MPS",1.01769735662567,-0.00155534366636312
250,1,"MPS",0.970349447947853,-0.00255944504528272
250,1,"MPS",0.997038369955384,0.0185630744827364
250,1,"MPS",0.995135872369866,0.00815249563343612
250,1,"MPS",1.02026753011747,0.0115739301661064
250,1,"MPS",0.988773951274262,0.00638655638703756
250,1,"MPS",0.969163816360245,0.00827504496027831
250,1,"MPS",0.99322675390297,0.00308549405417591
250,1,"MPS",1.00977598684989,0.0104968436007651
250,1,"MPS",1.02458299372335,-0.00268234630217989
250,1,"MPS",0.971535974687353,0.00124359867551527
250,1,"MPS",0.987004332193208,0.00445545439310613
250,1,"MPS",0.984674949323459,0.00245886035644061
250,1,"MPS",1.02989733184122,0.00747933341471185
250,1,"MPS",1.01475756528657,-0.00380071049115838
250,1,"MPS",1.03659889985222,0.0109689671203379
250,1,"MPS",1.01483261744582,0.00626636261392277
250,1,"MPS",1.00223804144754,0.00277561602686038
250,1,"MPS",1.0129431551146,0.0129301305610743
250,1,"MPS",0.963942157667861,0.0104321774419852
250,1,"MPS",1.05395891828874,0.00211990371675985
250,1,"MPS",1.01222326882228,0.00727845223507084
250,1,"MPS",0.993794005511794,0.0183973001831917
250,1,"MPS",0.98532952654982,-0.00193992604236426
250,1,"MPS",0.95497711377602,0.0023825844252553
250,1,"MPS",0.996478597380591,0.0159264500536151
250,1,"MPS",0.969206124031258,0.0103933427262568
250,1,"MPS",1.02031037008537,0.0051252924987264
250,1,"MPS",1.00400327352167,-0.00111202874586724
250,1,"MPS",0.988975792561933,-0.0107211388335077
250,1,"MPS",1.01784710781153,-0.00125388039682228
250,1,"MPS",0.975067809072163,0.0211317434942869
250,1,"MPS",1.01542785800216,-0.000307556984052937
250,1,"MPS",0.992596618789529,0.000405632948701995
250,1,"MPS",1.06704146241808,0.00183056720609209
250,1,"MPS",1.01510533578119,0.000463821223355643
250,1,"MPS",1.00511090350204,0.0071586132514887
250,1,"MPS",1.0117144611599,0.00825133224432428
250,1,"MPS",1.02426615011868,0.00626575415927566
250,1,"MPS",1.03615669001379,0.00705562164465623
250,1,"MPS",1.02160758735774,0.0112319224901323
250,1,"MPS",1.03511405189794,0.00192283104030255
250,1,"MPS",0.985711192284619,-0.00936031934444537
250,1,"MPS",1.00007195945491,0.000451978194818459
250,1,"MPS",1.02668586642524,0.00130903869814403
250,1,"MPS",0.98045782523733,-0.00355661969087551
250,1,"MPS",1.02300041419813,0.00451026852376857
250,1,"MPS",0.997302572805953,0.00222127033342778
250,1,"MPS",1.02149177291728,-0.00266062037088433
250,1,"MPS",1.00145803234527,-0.00515186339864937
250,1,"MPS",0.989688791698778,-0.00835086356166193
250,1,"MPS",1.00736126272385,0.00686635096522603
250,1,"MPS",0.995957608274361,-0.00585788095383866
250,1,"MPS",0.983494216624361,0.00292123407417455
250,1,"MPS",0.995939130186569,-0.0038853317723464
250,1,"MPS",1.01896006384,0.00255123822408754
250,1,"MPS",1.04140871837203,0.00685679306541243
250,1,"MPS",1.07089396035654,0.00593959978885072
250,1,"MPS",0.972564103031059,-0.00596615921483235
250,1,"MPS",0.959623702963063,0.0127365309908939
250,1,"MPS",1.02227687500743,0.00511185953286519
250,1,"MPS",1.00734257935992,0.00616197552851028
250,1,"MPS",1.06816809785706,-0.000166078774334055
250,1,"MPS",1.01604815897282,0.0210980658049224
250,1,"MPS",0.990028055326717,0.00657497620298864
250,1,"MPS",1.02859001293173,0.0168474803396326
250,1,"MPS",1.00069752338404,0.00703245534170893
250,1,"MPS",1.04151550573974,0.0151139334188328
250,1,"MPS",0.969476557545454,0.0132369521373609
250,1,"MPS",1.02485230111402,0.00518543071044908
250,1,"MPS",1.00673016976794,0.00968130286183366
250,1,"MPS",0.965591046275505,0.0027202204703769
250,1,"MPS",1.00090515845369,0.0092471318261883
250,1,"MPS",1.02300196154383,0.00144128832588297
250,1,"MPS",0.920754021022324,0.00793885018765106
250,1,"MPS",1.05856789882769,0.00339804752145012
250,1,"MPS",1.02078633062876,0.00809205001086699
250,1,"MPS",0.995960168777835,-0.0079402422365823
250,1,"MPS",0.994738562069625,0.00262982319394489
250,1,"MPS",1.0064925017492,-0.00318129073221884
250,1,"MPS",1.03148621179057,0.0103253951307865
250,1,"MPS",1.08094548146911,0.00920740020861088
250,1,"MPS",1.08299466603525,0.00148956619074858
250,1,"MPS",1.03565942266832,-0.000979264751324482
250,1,"MPS",0.994782320231127,-0.0145697297160077
250,1,"MPS",1.02274635303479,0.00544970974108838
250,1,"MPS",1.01691161320535,0.00389740297508756
250,1,"MPS",1.01226555862168,0.0106528792632186
250,1,"MPS",1.00936381471163,0.0119432409568433
250,1,"MPS",1.05007863269105,0.00718960711593208
250,1,"MPS",0.990667559984302,0.00113243253589157
500,1,"MM",1.00853942596148,-0.000499982097185603
500,1,"MM",1.0269525961607,0.000701966101089635
500,1,"MM",1.01123561445363,1.49826886988169e-05
500,1,"MM",1.00115219654842,-0.000740642575363104
500,1,"MM",0.979934563516557,-5.89890691523598e-05
500,1,"MM",1.01592779588466,-0.000930163275002727
500,1,"MM",1.01682808445614,-0.000590543805563337
500,1,"MM",0.981866716000827,-0.000116181529264736
500,1,"MM",0.989950562009602,0.00130353328770483
500,1,"MM",1.00203343937499,0.00104515237185554
500,1,"MM",1.03823321863058,-5.93486615030336e-06
500,1,"MM",0.983511168614728,0.00113250217072502
500,1,"MM",0.963521036101383,-0.000532643419849266
500,1,"MM",0.983977403301406,0.000425231787022473
500,1,"MM",0.99059801167836,0.000151796694634276
500,1,"MM",1.00936415040634,-0.000318555547986321
500,1,"MM",1.00066911130194,-0.000361129814147265
500,1,"MM",0.97089350079284,-0.000113732018244717
500,1,"MM",1.02635869945778,-0.000392041164520407
500,1,"MM",1.01420774318104,-0.0010092249211906
500,1,"MM",1.00166606026064,-0.00091341784640675
500,1,"MM",1.02073794299929,0.000330648590558313
500,1,"MM",1.020875031637,7.88568505072362e-06
500,1,"MM",1.02495654529584,0.000157413375262427
500,1,"MM",0.995909831253464,0.000448314428600383
500,1,"MM",0.989919916717619,0.000656923029815015
500,1,"MM",1.00227300654196,0.000225068562237363
500,1,"MM",1.03756438799879,0.000107853930151114
500,1,"MM",0.995608359785093,0.000647982257325763
500,1,"MM",1.00450062514247,-0.000872911127678844
500,1,"MM",0.98834666038096,0.000961024240153541
500,1,"MM",1.01862098754686,-6.85274697540539e-05
500,1,"MM",1.00915067466946,0.000652506577490275
500,1,"MM",1.00897875787458,-0.0015181695792359
500,1,"MM",0.993656645716607,-0.000328517439707743
500,1,"MM",1.00162258205874,0.000260630565811715
500,1,"MM",0.984814855182928,2.53989664963372e-05
500,1,"MM",1.00057196887675,-0.0001455246356874
500,1,"MM",0.98498687986067,-0.000444798284628067
500,1,"MM",0.997785167309619,1.08568153068811e-05
500,1,"MM",1.03775652452625,-0.000371608521066324
500,1,"MM",0.994573210858345,0.000233354017002196
500,1,"MM",1.00367887653434,9.43134666018253e-05
500,1,"MM",0.981684626532649,3.88511415095882e-05
500,1,"MM",0.972173513609829,-0.000652270217109785
500,1,"MM",1.01758859519099,0.00051178979732569
500,1,"MM",0.982599461948313,0.000457925218755428
500,1,"MM",1.01018575352117,0.000840436961748958
500,1,"MM",1.00640428443856,0.000257423219586661
500,1,"MM",0.972059195247601,0.0003403356181646
500,1,"MM",1.04337886537092,6.87956551284064e-05
500,1,"MM",1.02465669902516,0.000334738558525727
500,1,"MM",1.01745798583226,-0.000931092788893695
500,1,"MM",1.00402209042139,-0.000105003761197819
500,1,"MM",0.992398893506259,0.00047660644427483
500,1,"MM",0.983815319954855,-0.000615140261032154
500,1,"MM",1.00465159017561,0.000843478839266165
500,1,"MM",0.985829851535674,-2.76620556594054e-06
500,1,"MM",0.974446500265199,-0.000383823841043185
500,1,"MM",0.988004652313077,-0.000469004813979157
500,1,"MM",1.00040041145704,0.000512400120806999
500,1,"MM",1.00278495880488,0.000982215405199049
500,1,"MM",0.992013393396859,0.00082604099368988
500,1,"MM",0.994010143476212,-7.46127713338041e-05
500,1,"MM",0.982042705466154,0.000397581548613579
500,1,"MM",1.02351589836971,-0.000534759057546408
500,1,"MM",0.984289555334211,-0.000420343918661525
500,1,"MM",1.01123651823019,0.000361890344465765
500,1,"MM",1.01477606373315,-0.00078438248280821
500,1,"MM",0.978620171812711,0.000581698046111967
500,1,"MM",0.995100978112837,-0.000318930560417652
500,1,"MM",0.97633441480189,0.000620897790497343
500,1,"MM",0.996247643388297,-0.00131086533374347
500,1,"MM",0.985686857010916,-0.00133939665563354
500,1,"MM",1.0238463263869,0.000539114870454549
500,1,"MM",1.00183728167822,0.000195865690049146
500,1,"MM",0.985231487725252,-0.000851888757403274
500,1,"MM",0.993976096640846,-0.0011533428616336
500,1,"MM",0.978555617887065,-0.000672595633883999
500,1,"MM",0.985570064467453,0.000396572311897159
500,1,"MM",1.03906460114786,0.000332552483516491
500,1,"MM",0.983980444403495,0.000241932762710118
500,1,"MM",1.00863981430222,0.00024269141331823
500,1,"MM",1.00425517023582,-0.000949715748632229
500,1,"MM",1.02591327947998,0.000158638688285695
500,1,"MM",1.00718051378372,-0.000912845911191562
500,1,"MM",1.03039279316735,-0.000229996652612474
500,1,"MM",1.00128355706378,6.22231504527893e-05
500,1,"MM",1.00665609598105,-0.000633060711927591
500,1,"MM",1.00652190575943,0.000124653953665677
500,1,"MM",0.996468739160043,-3.2720927142349e-05
500,1,"MM",1.01583465426333,0.000155180602902538
500,1,"MM",0.993048874118496,-0.000197681294945573
500,1,"MM",0.988838719138697,-0.000378837369628626
500,1,"MM",1.0028738392878,-0.000337738198567417
500,1,"MM",1.01382951381739,-1.15084684813027e-05
500,1,"MM",0.997338252275005,-0.00031268172469312
500,1,"MM",1.0048951880263,-0.00166480853727125
500,1,"MM",0.989308771397067,0.000255474190267169
500,1,"MM",0.987727802358084,0.000374221568685718
500,1,"MLE",1.01659021119559,0.00253547686141498
500,1,"MLE",0.997210218278798,-0.00113199851015644
500,1,"MLE",0.994876610090357,-0.001387024205731
500,1,"MLE",1.0391674871624,-0.000618118475607554
500,1,"MLE",0.968446301729315,0.00488769496752339
500,1,"MLE",1.02154042557837,-0.00110076112129587
500,1,"MLE",0.989715001267341,-0.00651863648540663
500,1,"MLE",1.00179880240694,0.00938235030746981
500,1,"MLE",1.01015366379217,0.00405740436471924
500,1,"MLE",0.957013252454071,0.000221421913646935
500,1,"MLE",1.00430769885718,-0.000813011121791662
500,1,"MLE",0.997164601842605,-0.00305100997086238
500,1,"MLE",1.03264583044711,-0.000733594967165407
500,1,"MLE",1.0065222924331,-0.0092420778011475
500,1,"MLE",1.0138401503143,0.00457292038282686
500,1,"MLE",1.00775622947218,0.00159057080740177
500,1,"MLE",0.983032846914826,-0.00163625423591407
500,1,"MLE",1.00617121372803,0.0031484691828727
500,1,"MLE",0.986873462090755,-0.00766253682737439
500,1,"MLE",0.996858675642571,0.000434524952982684
500,1,"MLE",1.01688582121003,0.00117834896226099
500,1,"MLE",1.02232499781864,0.000371649676903951
500,1,"MLE",0.951064827407731,0.00135631802416103
500,1,"MLE",0.995912857279058,0.0125053683063552
500,1,"MLE",1.01081161169442,-0.000946956349885619
500,1,"MLE",1.00180505032728,-0.000368178481390258
500,1,"MLE",1.00407765174295,-0.00390174388006903
500,1,"MLE",1.01102523008264,0.000261349457627569
500,1,"MLE",1.01247961974539,0.00506334269636111
500,1,"MLE",1.02274100809514,0.00308562241322297
500,1,"MLE",0.99621310420567,-0.0112574642852071
500,1,"MLE",1.03638604790072,0.0011175058567725
500,1,"MLE",1.01573127644738,0.00384421521966827
500,1,"MLE",1.0179099505414,-0.00367209808999625
500,1,"MLE",0.996156436682948,-0.00217320841246593
500,1,"MLE",1.00193058404377,-0.00302252826686189
500,1,"MLE",1.02034962881554,0.00172649353791332
500,1,"MLE",1.00508843704728,-0.00611384933638681
500,1,"MLE",1.01562045460038,-0.00324821895421668
500,1,"MLE",0.992586265313699,-0.00750332421685607
500,1,"MLE",0.976720519571902,-0.000174529915216159
500,1,"MLE",0.976118931862483,0.00142301372390652
500,1,"MLE",1.02850314647739,0.00448603910741996
500,1,"MLE",1.00516757500902,0.00965649636733024
500,1,"MLE",0.97376676802964,-0.00983099989299163
500,1,"MLE",1.03665352749697,-0.00523889130796018
500,1,"MLE",1.0242379689021,-0.00889352799495069
500,1,"MLE",0.991207942977644,7.29933415634099e-05
500,1,"MLE",1.0101470805921,0.000919796135940398
500,1,"MLE",0.989829438555465,-0.00699319585466029
500,1,"MLE",1.00476873522893,-0.00472445296632507
500,1,"MLE",1.00816952067272,-0.000223524343738957
500,1,"MLE",0.985591543535008,-0.0119074382504493
500,1,"MLE",1.01873199591443,0.00611449810790443
500,1,"MLE",1.03684078483395,-0.00542488766646598
500,1,"MLE",0.995324909016174,0.00244836050698116
500,1,"MLE",0.997427181587161,-0.00215605792249784
500,1,"MLE",1.01404152758264,0.00625424538383124
500,1,"MLE",0.967451881604453,-0.00458348192659064
500,1,"MLE",1.0013123550521,-0.00817067587847964
500,1,"MLE",0.981442863385351,-0.00243495658825643
500,1,"MLE",0.989043608005683,-0.00205490102068573
500,1,"MLE",1.01724643624026,-0.00805869378974622
500,1,"MLE",0.996133596762791,-0.00133619351595471
500,1,"MLE",0.999870254019776,0.00532133598594964
500,1,"MLE",1.01184856590813,0.00172027845497413
500,1,"MLE",1.02660552687421,-0.00598023818913473
500,1,"MLE",0.978245983573339,0.000113051106316431
500,1,"MLE",0.980754402769237,0.00237837255074946
500,1,"MLE",0.96354960710091,0.000243105999803372
500,1,"MLE",1.03101773941112,0.0014944496764091
500,1,"MLE",1.00662551231867,-0.00103822218441008
500,1,"MLE",0.973312013276461,0.00103337251633728
500,1,"MLE",0.976228060308391,0.00597488261615553
500,1,"MLE",1.02829344995942,-0.00360377258701994
500,1,"MLE",0.977881333857475,-0.00601632448806999
500,1,"MLE",0.978521084931455,-0.00485901427952684
500,1,"MLE",0.996705719211552,-0.00412765242094304
500,1,"MLE",0.999860011074586,0.00308409095759832
500,1,"MLE",0.984213914036617,0.00754802329851556
500,1,"MLE",0.99346484705388,0.00222937648125487
500,1,"MLE",1.02593663122889,0.00431262183626324
500,1,"MLE",0.980729200339802,-0.00755832684131763
500,1,"MLE",1.00198935631175,-0.0097302432584736
500,1,"MLE",1.02617643867992,-0.000395051527205759
500,1,"MLE",0.988044603754613,-0.00918195766329066
500,1,"MLE",0.983291017701758,-0.00080575337203026
500,1,"MLE",1.00964083138641,0.00025705218915828
500,1,"MLE",1.01433815280704,-0.00470291288459301
500,1,"MLE",1.01034208606692,0.00575657375556671
500,1,"MLE",0.984803745587312,-0.00430623981100975
500,1,"MLE",1.00971527479539,-0.00251823282694019
500,1,"MLE",0.999713415344885,-0.00336905678136767
500,1,"MLE",1.00262270920884,-0.000144628526616231
500,1,"MLE",0.99435793860682,-0.000786954339882295
500,1,"MLE",0.97999443279271,-0.00155635426730072
500,1,"MLE",0.986503881252647,0.000752584207833529
500,1,"MLE",1.02074653365341,0.00128784017861294
500,1,"MLE",0.978191332411358,0.00440938143539049
500,1,"MLE",1.00919651234778,0.00317883824426679
500,1,"AD",0.990405015748169,0.000729735986371605
500,1,"AD",0.998158445011152,0.00306549747766938
500,1,"AD",0.982564705504889,0.00484224718562354
500,1,"AD",0.993446838483239,-0.00116181950386174
500,1,"AD",1.00254695560105,-0.000467717904188314
500,1,"AD",1.01114510627639,0.000549472359933523
500,1,"AD",0.969766563101329,-0.0012497227522994
500,1,"AD",1.00873785125352,-0.00446408874210191
500,1,"AD",0.994446620166709,-0.000658461848572767
500,1,"AD",1.0034554710032,-0.00165387343914336
500,1,"AD",1.01176992068871,0.000705674961991809
500,1,"AD",0.998960461392874,0.00311419769987697
500,1,"AD",1.01272560554633,0.00235769782130824
500,1,"AD",0.993944634393203,-0.0033815712414268
500,1,"AD",0.966049723399074,-0.000755830280181446
500,1,"AD",1.03895732172768,0.00279521911187319
500,1,"AD",0.944773885928245,-0.00195030297727294
500,1,"AD",0.99778694658865,-0.00276399525484972
500,1,"AD",1.00117982021585,0.00235242916023204
500,1,"AD",0.996211880848193,0.000986290639633514
500,1,"AD",1.02955095397806,0.00256126652732958
500,1,"AD",0.990956085883968,-0.00054590950404354
500,1,"AD",1.00703098356794,-0.00187211158050538
500,1,"AD",0.993682242479314,-0.00266691583608236
500,1,"AD",1.0179701414128,0.00516875131939498
500,1,"AD",1.01197131582725,-0.00770847255914409
500,1,"AD",1.00099384162144,0.00633745776096939
500,1,"AD",0.975808941091024,0.00514574584309013
500,1,"AD",0.983422132210441,-0.00670812302570989
500,1,"AD",1.01804358483322,0.00123900920042264
500,1,"AD",0.985861579916147,-0.000667126595172207
500,1,"AD",0.989146778104044,-0.00285429724427044
500,1,"AD",0.990002780323753,0.00202453376146283
500,1,"AD",1.02462706588779,0.00051831713222561
500,1,"AD",1.01479526993905,0.00125912079541157
500,1,"AD",1.01116848975452,0.00187495315231478
500,1,"AD",0.946788389673175,-0.00510879676353082
500,1,"AD",0.967325851666603,-0.00371910555575317
500,1,"AD",0.985202584494816,-0.00022229783283223
500,1,"AD",0.992856544719855,0.000743385952784337
500,1,"AD",0.980798626197539,0.00298456074088727
500,1,"AD",1.03856859421563,0.0031795430089443
500,1,"AD",0.988223430201878,-0.000414034778303041
500,1,"AD",1.01359510280066,-0.00219499665837342
500,1,"AD",0.996683774329002,0.000596422203124725
500,1,"AD",1.03646624868202,0.00158943400342126
500,1,"AD",1.01088538700172,-0.00158609139638366
500,1,"AD",1.02717434161645,0.00110042032558422
500,1,"AD",0.974737619296194,-7.99304406728929e-05
500,1,"AD",1.00619106161414,-0.00202406512354125
500,1,"AD",0.983356196479743,0.00154801286085182
500,1,"AD",0.997167295791494,0.00257767594282854
500,1,"AD",0.997636506316479,-0.00112925629026328
500,1,"AD",0.981819558928106,-0.00334080522688474
500,1,"AD",0.988591276437861,-0.000614712968416642
500,1,"AD",1.00582185425867,0.00425721267346191
500,1,"AD",1.01433876328081,0.00159907597352826
500,1,"AD",0.985276521759465,0.00540780571236332
500,1,"AD",0.994760697368827,-0.000834738768139553
500,1,"AD",0.997236345772631,0.00355388686405189
500,1,"AD",1.01183125100158,0.00494272709699439
500,1,"AD",1.00478076600638,-0.00221606216897863
500,1,"AD",1.01826754770348,0.00454861221092417
500,1,"AD",0.992989817642183,-0.00101398415192389
500,1,"AD",0.988075174015783,-0.00177434745003513
500,1,"AD",0.995668070837312,-0.00118485764295506
500,1,"AD",0.984910553018586,0.00028301990780355
500,1,"AD",1.02605949170931,-0.00518623930446949
500,1,"AD",1.03160620663285,-0.00183380538380606
500,1,"AD",0.9718257198715,-0.00253243043571683
500,1,"AD",0.987117456666945,-0.00359974125340345
500,1,"AD",1.01710894721943,0.00134651225016214
500,1,"AD",0.979535707793983,-0.000385654922769318
500,1,"AD",0.979079245825289,0.00126099091445864
500,1,"AD",1.01590558769643,-0.00103656680564268
500,1,"AD",1.01732538495755,-0.00333105199536599
500,1,"AD",1.01679289154962,0.000965352300921207
500,1,"AD",0.995474321925795,0.000454126464450977
500,1,"AD",0.999284508660674,0.00669513106383102
500,1,"AD",0.992729542379057,0.00355458768826
500,1,"AD",0.981418095770656,-0.000272187302573945
500,1,"AD",1.0175503642739,0.00175126659208913
500,1,"AD",1.00983237459945,0.000461092228721594
500,1,"AD",1.01401587400577,0.00549855165343693
500,1,"AD",0.985346149533554,0.00322465013683026
500,1,"AD",0.983705605147626,-0.01135243199351
500,1,"AD",1.00687091968642,0.0032657474339477
500,1,"AD",1.02731486411481,0.0073769087797404
500,1,"AD",0.995307001663707,0.00050770672190048
500,1,"AD",0.992484233083559,0.000130099505920356
500,1,"AD",1.01543118921658,0.00459014897716536
500,1,"AD",0.981123884554691,-0.00521624221569028
500,1,"AD",1.03139873889293,0.00460578406021139
500,1,"AD",0.992607314255636,0.00436518578766154
500,1,"AD",1.01019913672927,0.00150190318744747
500,1,"AD",1.00534620303117,-0.00304888114328206
500,1,"AD",0.977476667248757,0.00724470165126867
500,1,"AD",0.999608476042694,-0.000444287929514786
500,1,"AD",1.00814018462216,-0.00561418695673388
500,1,"AD",0.97621870367071,0.00155819251627543
500,1,"MPS",0.992965850395423,0.0019598148706842
500,1,"MPS",1.00253635368794,0.00542922304931936
500,1,"MPS",1.01953910139087,0.00818471020832501
500,1,"MPS",1.01775781241031,0.000743990936079575
500,1,"MPS",0.983653316630594,0.00546037644797703
500,1,"MPS",0.991934145920015,0.00630961585895995
500,1,"MPS",1.0121894212501,0.00742568153936851
500,1,"MPS",1.04673579923222,-0.0071850382806935
500,1,"MPS",0.988389622964438,0.00376369451987657
500,1,"MPS",1.0117956014946,-0.00191000799140406
500,1,"MPS",1.02721907439871,0.00349303655077104
500,1,"MPS",1.0035406366564,0.00662238823647698
500,1,"MPS",0.994203054195937,-0.00671345535513468
500,1,"MPS",1.01515383823068,-0.00635042779980632
500,1,"MPS",0.988791070140303,0.000255800480572721
500,1,"MPS",1.02111503194709,0.00768471255255365
500,1,"MPS",1.00843648292486,0.00449853585157767
500,1,"MPS",1.01845874121811,0.0022831997588848
500,1,"MPS",0.981055949801162,0.00605315234719939
500,1,"MPS",0.978087166752211,0.00169896138870829
500,1,"MPS",0.967908135589552,-0.00175069838756137
500,1,"MPS",0.995756993135423,0.0043174617795958
500,1,"MPS",1.00675252501589,0.00529298031529257
500,1,"MPS",1.00163321420689,0.00419976954844581
500,1,"MPS",0.994646798748709,0.00430958265055015
500,1,"MPS",1.00229858265604,0.0110469098801066
500,1,"MPS",1.02397921338618,0.00655308380579567
500,1,"MPS",0.973378138678059,6.65413668279324e-05
500,1,"MPS",1.01178044147963,0.00763016931900373
500,1,"MPS",1.01071307341261,-0.00276890264825003
500,1,"MPS",0.994973438042414,-0.002690075267063
500,1,"MPS",1.03052400261906,0.00347996057234568
500,1,"MPS",0.98832695522794,0.00932013016849498
500,1,"MPS",0.988939360116972,0.00457854998312668
500,1,"MPS",1.01581890703644,0.0126601867300327
500,1,"MPS",1.03680448914458,0.00182123826168379
500,1,"MPS",0.993243477367975,-0.00059524651468934
500,1,"MPS",1.01453716530404,-0.000976359862205012
500,1,"MPS",0.993284703131021,0.0016954873430215
500,1,"MPS",0.998805098643886,0.00537204413790349
500,1,"MPS",1.00435636710051,-0.000165550307640761
500,1,"MPS",0.979165802538347,0.00461372615184441
500,1,"MPS",1.00012043491723,-0.00115505458140897
500,1,"MPS",0.989449485633568,0.00114795353980091
500,1,"MPS",1.00441339360246,0.00387032026948719
500,1,"MPS",0.983367042736299,-0.00142476120633861
500,1,"MPS",0.972393851152866,-0.00046277378004711
500,1,"MPS",1.01831183239943,0.0142200416484297
500,1,"MPS",1.02482199738008,0.00805099639052798
500,1,"MPS",1.01976633033471,0.00527496587317389
500,1,"MPS",0.957787836019653,0.0020185475840715
500,1,"MPS",1.00238778734737,0.000460742309459139
500,1,"MPS",1.02398444070954,0.000951370980345478
500,1,"MPS",1.02260171352457,0.00286037385228899
500,1,"MPS",0.994228636787477,-0.00370209976160807
500,1,"MPS",0.999775497015846,0.00204788394989808
500,1,"MPS",1.02511527863326,0.00537673679414108
500,1,"MPS",1.00689662003206,0.00152531271404799
500,1,"MPS",0.97962437471397,0.00189677302173064
500,1,"MPS",0.974758714438706,0.00306850871064923
500,1,"MPS",1.02369175624646,0.00216122733706392
500,1,"MPS",1.03563638876347,0.0152090992767182
500,1,"MPS",0.995744929848758,-0.00221367639621894
500,1,"MPS",1.01434060440344,0.0021283112935091
500,1,"MPS",1.00685642524676,-0.000795421021872578
500,1,"MPS",0.980764424581334,0.00701853967045862
500,1,"MPS",0.998568268570061,-0.00205321524849311
500,1,"MPS",1.00030262670658,-0.00595411921227607
500,1,"MPS",1.02190249256704,0.00771773342890958
500,1,"MPS",0.963695308134233,-0.000423007527114327
500,1,"MPS",1.02030535352358,0.00208699020090886
500,1,"MPS",1.00852756740203,-0.002790619721595
500,1,"MPS",1.0085338406812,-0.00405788250999484
500,1,"MPS",0.988790911884995,0.000146260283623079
500,1,"MPS",1.00312958327588,0.0174508833035468
500,1,"MPS",1.00891825280401,-0.00115269644766935
500,1,"MPS",1.02409621946425,0.010255494800731
500,1,"MPS",1.01493278361899,0.0108815966811546
500,1,"MPS",0.985981541404356,-0.00299808949908453
500,1,"MPS",0.948051697543905,0.00213693960251737
500,1,"MPS",1.00966137030577,0.00383158233301817
500,1,"MPS",0.992176047302281,-0.00119614434004611
500,1,"MPS",0.987089757361159,0.000821806915958345
500,1,"MPS",0.974005612087059,0.00717228733955733
500,1,"MPS",0.9920598325246,0.00640219398069775
500,1,"MPS",0.980445988163922,0.0095494169066721
500,1,"MPS",1.00791663129671,0.000112619444935902
500,1,"MPS",1.02416101775169,-0.00966802238900155
500,1,"MPS",0.967343992171137,-0.00218726369208833
500,1,"MPS",1.00883724485442,-0.000162542283227207
500,1,"MPS",0.995625511935701,-0.00530896594682495
500,1,"MPS",0.996578170344077,-0.00160914598837014
500,1,"MPS",1.00670197184348,-0.00349317795404658
500,1,"MPS",0.982397729058051,0.00779516482673825
500,1,"MPS",0.944040725813182,0.00242484523637043
500,1,"MPS",0.995286610750188,-0.000192335833812951
500,1,"MPS",1.00541314341517,0.00196401231914289
500,1,"MPS",0.992679487525823,-0.00408209622868183
500,1,"MPS",1.02144094971719,0.0033399345371079
500,1,"MPS",1.02482182229882,0.00397813217209131
